date,season,round,away,home,away_1p,home_1p,total_1p,u2.5_hit,game_id
2021-05-15,2020-21,1,BOS,WSH,1,1,2,1,2020030121
2021-05-16,2020-21,1,NYI,PIT,1,1,2,1,2020030111
2021-05-16,2020-21,1,TBL,FLA,1,2,3,0,2020030141
2021-05-16,2020-21,1,MIN,VGK,0,0,0,1,2020030161
2021-05-17,2020-21,1,BOS,WSH,2,2,4,0,2020030122
2021-05-17,2020-21,1,NSH,CAR,1,1,2,1,2020030131
2021-05-17,2020-21,1,STL,COL,0,1,1,1,2020030151
2021-05-18,2020-21,1,NYI,PIT,0,2,2,1,2020030112
2021-05-18,2020-21,1,TBL,FLA,2,0,2,1,2020030142
2021-05-18,2020-21,1,MIN,VGK,0,0,0,1,2020030162
2021-05-19,2020-21,1,WSH,BOS,0,0,0,1,2020030123
2021-05-19,2020-21,1,NSH,CAR,0,1,1,1,2020030132
2021-05-19,2020-21,1,STL,COL,0,2,2,1,2020030152
2021-05-19,2020-21,1,WPG,EDM,0,0,0,1,2020030181
2021-05-20,2020-21,1,PIT,NYI,1,0,1,1,2020030113
2021-05-20,2020-21,1,FLA,TBL,2,0,2,1,2020030143
2021-05-20,2020-21,1,VGK,MIN,0,2,2,1,2020030163
2021-05-20,2020-21,1,MTL,TOR,1,0,1,1,2020030171
2021-05-21,2020-21,1,WSH,BOS,0,0,0,1,2020030124
2021-05-21,2020-21,1,CAR,NSH,1,2,3,0,2020030133
2021-05-21,2020-21,1,COL,STL,0,0,0,1,2020030153
2021-05-21,2020-21,1,WPG,EDM,0,0,0,1,2020030182
2021-05-22,2020-21,1,PIT,NYI,0,0,0,1,2020030114
2021-05-22,2020-21,1,FLA,TBL,1,3,4,0,2020030144
2021-05-22,2020-21,1,VGK,MIN,1,0,1,1,2020030164
2021-05-22,2020-21,1,MTL,TOR,1,1,2,1,2020030172
2021-05-23,2020-21,1,BOS,WSH,0,0,0,1,2020030125
2021-05-23,2020-21,1,CAR,NSH,1,1,2,1,2020030134
2021-05-23,2020-21,1,COL,STL,0,0,0,1,2020030154
2021-05-23,2020-21,1,EDM,WPG,2,0,2,1,2020030183
2021-05-24,2020-21,1,NYI,PIT,1,1,2,1,2020030115
2021-05-24,2020-21,1,TBL,FLA,1,0,1,1,2020030145
2021-05-24,2020-21,1,MIN,VGK,3,1,4,0,2020030165
2021-05-24,2020-21,1,TOR,MTL,0,0,0,1,2020030173
2021-05-24,2020-21,1,EDM,WPG,1,2,3,0,2020030184
2021-05-25,2020-21,1,NSH,CAR,1,1,2,1,2020030135
2021-05-25,2020-21,1,TOR,MTL,0,0,0,1,2020030174
2021-05-26,2020-21,1,PIT,NYI,2,2,4,0,2020030116
2021-05-26,2020-21,1,FLA,TBL,0,1,1,1,2020030146
2021-05-26,2020-21,1,VGK,MIN,0,0,0,1,2020030166
2021-05-27,2020-21,1,CAR,NSH,1,1,2,1,2020030136
2021-05-27,2020-21,1,MTL,TOR,2,0,2,1,2020030175
2021-05-28,2020-21,1,MIN,VGK,1,1,2,1,2020030167
2021-05-29,2020-21,1,TOR,MTL,0,0,0,1,2020030176
2021-05-29,2020-21,2,NYI,BOS,1,1,2,1,2020030211
2021-05-30,2020-21,2,TBL,CAR,0,0,0,1,2020030221
2021-05-30,2020-21,2,VGK,COL,0,2,2,1,2020030231
2021-05-31,2020-21,1,MTL,TOR,0,0,0,1,2020030177
2021-05-31,2020-21,2,NYI,BOS,0,1,1,1,2020030212
2021-06-01,2020-21,2,TBL,CAR,0,0,0,1,2020030222
2021-06-02,2020-21,2,VGK,COL,1,2,3,0,2020030232
2021-06-02,2020-21,2,MTL,WPG,3,1,4,0,2020030241
2021-06-03,2020-21,2,BOS,NYI,1,0,1,1,2020030213
2021-06-03,2020-21,2,CAR,TBL,0,0,0,1,2020030223
2021-06-04,2020-21,2,COL,VGK,0,0,0,1,2020030233
2021-06-04,2020-21,2,MTL,WPG,0,0,0,1,2020030242
2021-06-05,2020-21,2,BOS,NYI,0,0,0,1,2020030214
2021-06-05,2020-21,2,CAR,TBL,0,1,1,1,2020030224
2021-06-06,2020-21,2,COL,VGK,1,1,2,1,2020030234
2021-06-06,2020-21,2,WPG,MTL,0,1,1,1,2020030243
2021-06-07,2020-21,2,NYI,BOS,1,1,2,1,2020030215
2021-06-07,2020-21,2,WPG,MTL,0,2,2,1,2020030244
2021-06-08,2020-21,2,TBL,CAR,0,0,0,1,2020030225
2021-06-08,2020-21,2,VGK,COL,0,1,1,1,2020030235
2021-06-09,2020-21,2,BOS,NYI,1,1,2,1,2020030216
2021-06-10,2020-21,2,COL,VGK,1,2,3,0,2020030236
2021-06-13,2020-21,3,NYI,TBL,0,0,0,1,2020030321
2021-06-14,2020-21,3,MTL,VGK,0,1,1,1,2020030311
2021-06-15,2020-21,3,NYI,TBL,1,1,2,1,2020030322
2021-06-16,2020-21,3,MTL,VGK,2,0,2,1,2020030312
2021-06-17,2020-21,3,TBL,NYI,1,0,1,1,2020030323
2021-06-18,2020-21,3,VGK,MTL,0,0,0,1,2020030313
2021-06-19,2020-21,3,TBL,NYI,0,0,0,1,2020030324
2021-06-20,2020-21,3,VGK,MTL,0,0,0,1,2020030314
2021-06-21,2020-21,3,NYI,TBL,0,3,3,0,2020030325
2021-06-22,2020-21,3,MTL,VGK,1,0,1,1,2020030315
2021-06-23,2020-21,3,TBL,NYI,1,0,1,1,2020030326
2021-06-24,2020-21,3,VGK,MTL,1,1,2,1,2020030316
2021-06-25,2020-21,3,NYI,TBL,0,0,0,1,2020030327
2021-06-28,2020-21,4,MTL,TBL,0,1,1,1,2020030411
2021-06-30,2020-21,4,MTL,TBL,0,0,0,1,2020030412
2021-07-02,2020-21,4,TBL,MTL,2,1,3,0,2020030413
2021-07-05,2020-21,4,TBL,MTL,0,1,1,1,2020030414
2021-07-07,2020-21,4,MTL,TBL,0,0,0,1,2020030415
2022-05-02,2021-22,1,TBL,TOR,0,1,1,1,2021030121
2022-05-02,2021-22,1,BOS,CAR,0,0,0,1,2021030131
2022-05-02,2021-22,1,STL,MIN,2,0,2,1,2021030161
2022-05-02,2021-22,1,LAK,EDM,2,1,3,0,2021030181
2022-05-03,2021-22,1,WSH,FLA,1,1,2,1,2021030111
2022-05-03,2021-22,1,PIT,NYR,0,1,1,1,2021030141
2022-05-03,2021-22,1,NSH,COL,0,5,5,0,2021030151
2022-05-03,2021-22,1,DAL,CGY,0,1,1,1,2021030171
2022-05-04,2021-22,1,TBL,TOR,1,0,1,1,2021030122
2022-05-04,2021-22,1,BOS,CAR,0,2,2,1,2021030132
2022-05-04,2021-22,1,STL,MIN,0,3,3,0,2021030162
2022-05-04,2021-22,1,LAK,EDM,0,0,0,1,2021030182
2022-05-05,2021-22,1,WSH,FLA,0,2,2,1,2021030112
2022-05-05,2021-22,1,PIT,NYR,1,1,2,1,2021030142
2022-05-05,2021-22,1,NSH,COL,1,1,2,1,2021030152
2022-05-05,2021-22,1,DAL,CGY,1,0,1,1,2021030172
2022-05-06,2021-22,1,TOR,TBL,2,0,2,1,2021030123
2022-05-06,2021-22,1,CAR,BOS,1,1,2,1,2021030133
2022-05-06,2021-22,1,MIN,STL,2,0,2,1,2021030163
2022-05-06,2021-22,1,EDM,LAK,2,0,2,1,2021030183
2022-05-07,2021-22,1,FLA,WSH,1,1,2,1,2021030113
2022-05-07,2021-22,1,NYR,PIT,1,4,5,0,2021030143
2022-05-07,2021-22,1,COL,NSH,2,1,3,0,2021030153
2022-05-07,2021-22,1,CGY,DAL,1,1,2,1,2021030173
2022-05-08,2021-22,1,TOR,TBL,0,3,3,0,2021030124
2022-05-08,2021-22,1,CAR,BOS,1,1,2,1,2021030134
2022-05-08,2021-22,1,MIN,STL,1,1,2,1,2021030164
2022-05-08,2021-22,1,EDM,LAK,0,2,2,1,2021030184
2022-05-09,2021-22,1,FLA,WSH,1,1,2,1,2021030114
2022-05-09,2021-22,1,NYR,PIT,1,1,2,1,2021030144
2022-05-09,2021-22,1,COL,NSH,1,1,2,1,2021030154
2022-05-09,2021-22,1,CGY,DAL,0,0,0,1,2021030174
2022-05-10,2021-22,1,TBL,TOR,2,0,2,1,2021030125
2022-05-10,2021-22,1,BOS,CAR,0,2,2,1,2021030135
2022-05-10,2021-22,1,STL,MIN,1,2,3,0,2021030165
2022-05-10,2021-22,1,LAK,EDM,1,0,1,1,2021030185
2022-05-11,2021-22,1,WSH,FLA,1,0,1,1,2021030115
2022-05-11,2021-22,1,PIT,NYR,1,0,1,1,2021030145
2022-05-11,2021-22,1,DAL,CGY,0,0,0,1,2021030175
2022-05-12,2021-22,1,TOR,TBL,0,1,1,1,2021030126
2022-05-12,2021-22,1,CAR,BOS,0,0,0,1,2021030136
2022-05-12,2021-22,1,MIN,STL,0,1,1,1,2021030166
2022-05-12,2021-22,1,EDM,LAK,1,0,1,1,2021030186
2022-05-13,2021-22,1,FLA,WSH,0,0,0,1,2021030116
2022-05-13,2021-22,1,NYR,PIT,0,2,2,1,2021030146
2022-05-13,2021-22,1,CGY,DAL,0,1,1,1,2021030176
2022-05-14,2021-22,1,TBL,TOR,1,0,1,1,2021030127
2022-05-14,2021-22,1,BOS,CAR,0,1,1,1,2021030137
2022-05-14,2021-22,1,LAK,EDM,0,0,0,1,2021030187
2022-05-15,2021-22,1,PIT,NYR,1,1,2,1,2021030147
2022-05-15,2021-22,1,DAL,CGY,1,0,1,1,2021030177
2022-05-17,2021-22,2,TBL,FLA,0,1,1,1,2021030211
2022-05-17,2021-22,2,STL,COL,1,0,1,1,2021030231
2022-05-18,2021-22,2,NYR,CAR,1,0,1,1,2021030221
2022-05-18,2021-22,2,EDM,CGY,1,3,4,0,2021030241
2022-05-19,2021-22,2,TBL,FLA,1,0,1,1,2021030212
2022-05-19,2021-22,2,STL,COL,0,0,0,1,2021030232
2022-05-20,2021-22,2,NYR,CAR,0,0,0,1,2021030222
2022-05-20,2021-22,2,EDM,CGY,1,2,3,0,2021030242
2022-05-21,2021-22,2,COL,STL,1,1,2,1,2021030233
2022-05-22,2021-22,2,FLA,TBL,1,1,2,1,2021030213
2022-05-22,2021-22,2,CAR,NYR,0,1,1,1,2021030223
2022-05-22,2021-22,2,CGY,EDM,0,0,0,1,2021030243
2022-05-23,2021-22,2,FLA,TBL,0,0,0,1,2021030214
2022-05-23,2021-22,2,COL,STL,0,1,1,1,2021030234
2022-05-24,2021-22,2,CAR,NYR,0,2,2,1,2021030224
2022-05-24,2021-22,2,CGY,EDM,0,3,3,0,2021030244
2022-05-25,2021-22,2,STL,COL,0,2,2,1,2021030235
2022-05-26,2021-22,2,NYR,CAR,1,1,2,1,2021030225
2022-05-26,2021-22,2,EDM,CGY,0,1,1,1,2021030245
2022-05-27,2021-22,2,COL,STL,0,1,1,1,2021030236
2022-05-28,2021-22,2,CAR,NYR,0,2,2,1,2021030226
2022-05-30,2021-22,2,NYR,CAR,2,0,2,1,2021030227
2022-05-31,2021-22,3,EDM,COL,2,3,5,0,2021030321
2022-06-01,2021-22,3,TBL,NYR,1,1,2,1,2021030311
2022-06-02,2021-22,3,EDM,COL,0,0,0,1,2021030322
2022-06-03,2021-22,3,TBL,NYR,1,2,3,0,2021030312
2022-06-04,2021-22,3,COL,EDM,1,1,2,1,2021030323
2022-06-05,2021-22,3,NYR,TBL,0,0,0,1,2021030313
2022-06-06,2021-22,3,COL,EDM,1,0,1,1,2021030324
2022-06-07,2021-22,3,NYR,TBL,0,1,1,1,2021030314
2022-06-09,2021-22,3,TBL,NYR,0,0,0,1,2021030315
2022-06-11,2021-22,3,NYR,TBL,0,0,0,1,2021030316
2022-06-15,2021-22,4,TBL,COL,1,3,4,0,2021030411
2022-06-18,2021-22,4,TBL,COL,0,3,3,0,2021030412
2022-06-20,2021-22,4,COL,TBL,1,2,3,0,2021030413
2022-06-22,2021-22,4,COL,TBL,0,1,1,1,2021030414
2022-06-24,2021-22,4,TBL,COL,1,0,1,1,2021030415
2022-06-26,2021-22,4,COL,TBL,0,1,1,1,2021030416
2023-04-17,2022-23,1,FLA,BOS,0,1,1,1,2022030111
2023-04-17,2022-23,1,NYI,CAR,0,1,1,1,2022030131
2023-04-17,2022-23,1,MIN,DAL,1,0,1,1,2022030161
2023-04-17,2022-23,1,LAK,EDM,0,2,2,1,2022030181
2023-04-18,2022-23,1,TBL,TOR,3,0,3,0,2022030121
2023-04-18,2022-23,1,NYR,NJD,2,0,2,1,2022030141
2023-04-18,2022-23,1,SEA,COL,1,1,2,1,2022030151
2023-04-18,2022-23,1,WPG,VGK,0,0,0,1,2022030171
2023-04-19,2022-23,1,FLA,BOS,0,0,0,1,2022030112
2023-04-19,2022-23,1,NYI,CAR,0,1,1,1,2022030132
2023-04-19,2022-23,1,MIN,DAL,1,2,3,0,2022030162
2023-04-19,2022-23,1,LAK,EDM,0,2,2,1,2022030182
2023-04-20,2022-23,1,TBL,TOR,0,3,3,0,2022030122
2023-04-20,2022-23,1,NYR,NJD,0,1,1,1,2022030142
2023-04-20,2022-23,1,SEA,COL,2,0,2,1,2022030152
2023-04-20,2022-23,1,WPG,VGK,1,0,1,1,2022030172
2023-04-21,2022-23,1,BOS,FLA,1,0,1,1,2022030113
2023-04-21,2022-23,1,CAR,NYI,0,0,0,1,2022030133
2023-04-21,2022-23,1,DAL,MIN,0,1,1,1,2022030163
2023-04-21,2022-23,1,EDM,LAK,0,1,1,1,2022030183
2023-04-22,2022-23,1,TOR,TBL,2,2,4,0,2022030123
2023-04-22,2022-23,1,NJD,NYR,0,0,0,1,2022030143
2023-04-22,2022-23,1,COL,SEA,2,1,3,0,2022030153
2023-04-22,2022-23,1,VGK,WPG,2,1,3,0,2022030173
2023-04-23,2022-23,1,BOS,FLA,1,0,1,1,2022030114
2023-04-23,2022-23,1,CAR,NYI,1,0,1,1,2022030134
2023-04-23,2022-23,1,DAL,MIN,0,0,0,1,2022030164
2023-04-23,2022-23,1,EDM,LAK,0,3,3,0,2022030184
2023-04-24,2022-23,1,TOR,TBL,0,2,2,1,2022030124
2023-04-24,2022-23,1,NJD,NYR,1,0,1,1,2022030144
2023-04-24,2022-23,1,COL,SEA,0,2,2,1,2022030154
2023-04-24,2022-23,1,VGK,WPG,1,1,2,1,2022030174
2023-04-25,2022-23,1,NYI,CAR,1,0,1,1,2022030135
2023-04-25,2022-23,1,MIN,DAL,0,2,2,1,2022030165
2023-04-25,2022-23,1,LAK,EDM,2,3,5,0,2022030185
2023-04-26,2022-23,1,FLA,BOS,1,0,1,1,2022030115
2023-04-26,2022-23,1,SEA,COL,0,0,0,1,2022030155
2023-04-27,2022-23,1,TBL,TOR,1,1,2,1,2022030125
2023-04-27,2022-23,1,NYR,NJD,0,1,1,1,2022030145
2023-04-27,2022-23,1,WPG,VGK,0,1,1,1,2022030175
2023-04-28,2022-23,1,BOS,FLA,1,2,3,0,2022030116
2023-04-28,2022-23,1,CAR,NYI,0,1,1,1,2022030136
2023-04-28,2022-23,1,COL,SEA,1,1,2,1,2022030156
2023-04-28,2022-23,1,DAL,MIN,1,0,1,1,2022030166
2023-04-29,2022-23,1,TOR,TBL,0,0,0,1,2022030126
2023-04-29,2022-23,1,NJD,NYR,1,1,2,1,2022030146
2023-04-29,2022-23,1,EDM,LAK,2,1,3,0,2022030186
2023-04-30,2022-23,1,FLA,BOS,1,0,1,1,2022030117
2023-04-30,2022-23,1,SEA,COL,0,0,0,1,2022030157
2023-05-01,2022-23,1,NYR,NJD,0,0,0,1,2022030147
2023-05-02,2022-23,2,FLA,TOR,1,0,1,1,2022030211
2023-05-02,2022-23,2,SEA,DAL,4,2,6,0,2022030231
2023-05-03,2022-23,2,NJD,CAR,0,2,2,1,2022030221
2023-05-03,2022-23,2,EDM,VGK,2,3,5,0,2022030241
2023-05-04,2022-23,2,FLA,TOR,1,2,3,0,2022030212
2023-05-04,2022-23,2,SEA,DAL,0,0,0,1,2022030232
2023-05-05,2022-23,2,NJD,CAR,0,0,0,1,2022030222
2023-05-06,2022-23,2,EDM,VGK,4,0,4,0,2022030242
2023-05-07,2022-23,2,TOR,FLA,1,0,1,1,2022030213
2023-05-07,2022-23,2,CAR,NJD,0,3,3,0,2022030223
2023-05-07,2022-23,2,DAL,SEA,0,0,0,1,2022030233
2023-05-08,2022-23,2,VGK,EDM,2,1,3,0,2022030243
2023-05-09,2022-23,2,CAR,NJD,1,1,2,1,2022030224
2023-05-09,2022-23,2,DAL,SEA,1,0,1,1,2022030234
2023-05-10,2022-23,2,TOR,FLA,0,0,0,1,2022030214
2023-05-10,2022-23,2,VGK,EDM,0,3,3,0,2022030244
2023-05-11,2022-23,2,NJD,CAR,1,0,1,1,2022030225
2023-05-11,2022-23,2,SEA,DAL,0,2,2,1,2022030235
2023-05-12,2022-23,2,FLA,TOR,2,0,2,1,2022030215
2023-05-12,2022-23,2,EDM,VGK,2,1,3,0,2022030245
2023-05-13,2022-23,2,DAL,SEA,1,2,3,0,2022030236
2023-05-14,2022-23,2,VGK,EDM,1,2,3,0,2022030246
2023-05-15,2022-23,2,SEA,DAL,0,0,0,1,2022030237
2023-05-18,2022-23,3,FLA,CAR,0,1,1,1,2022030311
2023-05-19,2022-23,3,DAL,VGK,1,0,1,1,2022030321
2023-05-20,2022-23,3,FLA,CAR,0,1,1,1,2022030312
2023-05-21,2022-23,3,DAL,VGK,1,1,2,1,2022030322
2023-05-22,2022-23,3,CAR,FLA,0,0,0,1,2022030313
2023-05-23,2022-23,3,VGK,DAL,3,0,3,0,2022030323
2023-05-24,2022-23,3,CAR,FLA,1,2,3,0,2022030314
2023-05-25,2022-23,3,VGK,DAL,1,1,2,1,2022030324
2023-05-27,2022-23,3,DAL,VGK,1,1,2,1,2022030325
2023-05-29,2022-23,3,VGK,DAL,3,0,3,0,2022030326
2023-06-03,2022-23,4,FLA,VGK,1,1,2,1,2022030411
2023-06-05,2022-23,4,FLA,VGK,0,2,2,1,2022030412
2023-06-08,2022-23,4,VGK,FLA,1,1,2,1,2022030413
2023-06-10,2022-23,4,VGK,FLA,1,0,1,1,2022030414
2023-06-13,2022-23,4,FLA,VGK,0,2,2,1,2022030415
2024-04-20,2023-24,1,TOR,BOS,0,1,1,1,2023030121
2024-04-20,2023-24,1,NYI,CAR,1,1,2,1,2023030141
2024-04-21,2023-24,1,TBL,FLA,1,1,2,1,2023030111
2024-04-21,2023-24,1,WSH,NYR,0,0,0,1,2023030131
2024-04-21,2023-24,1,COL,WPG,3,3,6,0,2023030161
2024-04-21,2023-24,1,NSH,VAN,1,0,1,1,2023030171
2024-04-22,2023-24,1,TOR,BOS,1,2,3,0,2023030122
2024-04-22,2023-24,1,NYI,CAR,2,0,2,1,2023030142
2024-04-22,2023-24,1,VGK,DAL,3,2,5,0,2023030151
2024-04-22,2023-24,1,LAK,EDM,0,2,2,1,2023030181
2024-04-23,2023-24,1,TBL,FLA,0,2,2,1,2023030112
2024-04-23,2023-24,1,WSH,NYR,1,2,3,0,2023030132
2024-04-23,2023-24,1,COL,WPG,0,1,1,1,2023030162
2024-04-23,2023-24,1,NSH,VAN,1,0,1,1,2023030172
2024-04-24,2023-24,1,BOS,TOR,0,0,0,1,2023030123
2024-04-24,2023-24,1,VGK,DAL,1,1,2,1,2023030152
2024-04-24,2023-24,1,LAK,EDM,3,1,4,0,2023030182
2024-04-25,2023-24,1,FLA,TBL,1,0,1,1,2023030113
2024-04-25,2023-24,1,CAR,NYI,2,0,2,1,2023030143
2024-04-26,2023-24,1,NYR,WSH,2,1,3,0,2023030133
2024-04-26,2023-24,1,WPG,COL,0,1,1,1,2023030163
2024-04-26,2023-24,1,VAN,NSH,1,0,1,1,2023030173
2024-04-26,2023-24,1,EDM,LAK,3,0,3,0,2023030183
2024-04-27,2023-24,1,FLA,TBL,0,3,3,0,2023030114
2024-04-27,2023-24,1,BOS,TOR,1,0,1,1,2023030124
2024-04-27,2023-24,1,CAR,NYI,1,0,1,1,2023030144
2024-04-27,2023-24,1,DAL,VGK,1,0,1,1,2023030153
2024-04-28,2023-24,1,NYR,WSH,2,1,3,0,2023030134
2024-04-28,2023-24,1,WPG,COL,1,1,2,1,2023030164
2024-04-28,2023-24,1,VAN,NSH,1,1,2,1,2023030174
2024-04-28,2023-24,1,EDM,LAK,0,0,0,1,2023030184
2024-04-29,2023-24,1,TBL,FLA,0,0,0,1,2023030115
2024-04-29,2023-24,1,DAL,VGK,1,1,2,1,2023030154
2024-04-30,2023-24,1,TOR,BOS,1,1,2,1,2023030125
2024-04-30,2023-24,1,NYI,CAR,1,3,4,0,2023030145
2024-04-30,2023-24,1,COL,WPG,1,1,2,1,2023030165
2024-04-30,2023-24,1,NSH,VAN,0,0,0,1,2023030175
2024-05-01,2023-24,1,VGK,DAL,2,2,4,0,2023030155
2024-05-01,2023-24,1,LAK,EDM,1,1,2,1,2023030185
2024-05-02,2023-24,1,BOS,TOR,0,0,0,1,2023030126
2024-05-03,2023-24,1,DAL,VGK,0,0,0,1,2023030156
2024-05-03,2023-24,1,VAN,NSH,0,0,0,1,2023030176
2024-05-04,2023-24,1,TOR,BOS,0,0,0,1,2023030127
2024-05-05,2023-24,1,VGK,DAL,0,1,1,1,2023030157
2024-05-05,2023-24,2,CAR,NYR,1,3,4,0,2023030221
2024-05-06,2023-24,2,BOS,FLA,0,0,0,1,2023030211
2024-05-07,2023-24,2,CAR,NYR,2,1,3,0,2023030222
2024-05-07,2023-24,2,COL,DAL,0,3,3,0,2023030231
2024-05-08,2023-24,2,BOS,FLA,1,0,1,1,2023030212
2024-05-08,2023-24,2,EDM,VAN,2,0,2,1,2023030241
2024-05-09,2023-24,2,NYR,CAR,0,1,1,1,2023030223
2024-05-09,2023-24,2,COL,DAL,0,1,1,1,2023030232
2024-05-10,2023-24,2,FLA,BOS,1,0,1,1,2023030213
2024-05-10,2023-24,2,EDM,VAN,1,1,2,1,2023030242
2024-05-11,2023-24,2,NYR,CAR,1,3,4,0,2023030224
2024-05-11,2023-24,2,DAL,COL,1,0,1,1,2023030233
2024-05-12,2023-24,2,FLA,BOS,0,2,2,1,2023030214
2024-05-12,2023-24,2,VAN,EDM,3,1,4,0,2023030243
2024-05-13,2023-24,2,CAR,NYR,0,0,0,1,2023030225
2024-05-13,2023-24,2,DAL,COL,1,0,1,1,2023030234
2024-05-14,2023-24,2,BOS,FLA,1,0,1,1,2023030215
2024-05-14,2023-24,2,VAN,EDM,0,1,1,1,2023030244
2024-05-15,2023-24,2,COL,DAL,1,1,2,1,2023030235
2024-05-16,2023-24,2,NYR,CAR,0,1,1,1,2023030226
2024-05-16,2023-24,2,EDM,VAN,2,1,3,0,2023030245
2024-05-17,2023-24,2,FLA,BOS,0,1,1,1,2023030216
2024-05-17,2023-24,2,DAL,COL,0,0,0,1,2023030236
2024-05-18,2023-24,2,VAN,EDM,1,1,2,1,2023030246
2024-05-20,2023-24,2,EDM,VAN,0,0,0,1,2023030247
2024-05-22,2023-24,3,FLA,NYR,1,0,1,1,2023030311
2024-05-23,2023-24,3,EDM,DAL,0,0,0,1,2023030321
2024-05-24,2023-24,3,FLA,NYR,1,1,2,1,2023030312
2024-05-25,2023-24,3,EDM,DAL,1,1,2,1,2023030322
2024-05-26,2023-24,3,NYR,FLA,2,2,4,0,2023030313
2024-05-27,2023-24,3,DAL,EDM,0,2,2,1,2023030323
2024-05-28,2023-24,3,NYR,FLA,1,0,1,1,2023030314
2024-05-29,2023-24,3,DAL,EDM,2,2,4,0,2023030324
2024-05-30,2023-24,3,FLA,NYR,0,0,0,1,2023030315
2024-05-31,2023-24,3,EDM,DAL,1,0,1,1,2023030325
2024-06-01,2023-24,3,NYR,FLA,0,1,1,1,2023030316
2024-06-02,2023-24,3,DAL,EDM,0,2,2,1,2023030326
2024-06-08,2023-24,4,EDM,FLA,0,1,1,1,2023030411
2024-06-10,2023-24,4,EDM,FLA,1,0,1,1,2023030412
2024-06-13,2023-24,4,FLA,EDM,1,0,1,1,2023030413
2024-06-15,2023-24,4,FLA,EDM,1,3,4,0,2023030414
2024-06-18,2023-24,4,EDM,FLA,1,0,1,1,2023030415
2024-06-21,2023-24,4,FLA,EDM,0,1,1,1,2023030416
2024-06-24,2023-24,4,EDM,FLA,1,1,2,1,2023030417
2025-04-19,2024-25,1,STL,WPG,2,2,4,0,2024030151
2025-04-19,2024-25,1,COL,DAL,0,0,0,1,2024030161
2025-04-20,2024-25,1,OTT,TOR,1,2,3,0,2024030111
2025-04-20,2024-25,1,NJD,CAR,0,1,1,1,2024030141
2025-04-20,2024-25,1,MIN,VGK,1,1,2,1,2024030171
2025-04-21,2024-25,1,MTL,WSH,0,1,1,1,2024030131
2025-04-21,2024-25,1,STL,WPG,1,1,2,1,2024030152
2025-04-21,2024-25,1,COL,DAL,1,1,2,1,2024030162
2025-04-21,2024-25,1,EDM,LAK,0,2,2,1,2024030181
2025-04-22,2024-25,1,OTT,TOR,0,2,2,1,2024030112
2025-04-22,2024-25,1,FLA,TBL,2,1,3,0,2024030121
2025-04-22,2024-25,1,NJD,CAR,1,0,1,1,2024030142
2025-04-22,2024-25,1,MIN,VGK,3,0,3,0,2024030172
2025-04-23,2024-25,1,MTL,WSH,0,0,0,1,2024030132
2025-04-23,2024-25,1,DAL,COL,0,1,1,1,2024030163
2025-04-23,2024-25,1,EDM,LAK,0,1,1,1,2024030182
2025-04-24,2024-25,1,TOR,OTT,0,0,0,1,2024030113
2025-04-24,2024-25,1,FLA,TBL,1,0,1,1,2024030122
2025-04-24,2024-25,1,WPG,STL,0,3,3,0,2024030153
2025-04-24,2024-25,1,VGK,MIN,1,2,3,0,2024030173
2025-04-25,2024-25,1,WSH,MTL,1,1,2,1,2024030133
2025-04-25,2024-25,1,CAR,NJD,0,1,1,1,2024030143
2025-04-25,2024-25,1,LAK,EDM,1,2,3,0,2024030183
2025-04-26,2024-25,1,TOR,OTT,1,2,3,0,2024030114
2025-04-26,2024-25,1,TBL,FLA,1,1,2,1,2024030123
2025-04-26,2024-25,1,DAL,COL,0,2,2,1,2024030164
2025-04-26,2024-25,1,VGK,MIN,1,1,2,1,2024030174
2025-04-27,2024-25,1,WSH,MTL,0,0,0,1,2024030134
2025-04-27,2024-25,1,CAR,NJD,2,0,2,1,2024030144
2025-04-27,2024-25,1,WPG,STL,1,1,2,1,2024030154
2025-04-27,2024-25,1,LAK,EDM,1,0,1,1,2024030184
2025-04-28,2024-25,1,TBL,FLA,0,0,0,1,2024030124
2025-04-28,2024-25,1,COL,DAL,0,2,2,1,2024030165
2025-04-29,2024-25,1,OTT,TOR,0,0,0,1,2024030115
2025-04-29,2024-25,1,NJD,CAR,3,0,3,0,2024030145
2025-04-29,2024-25,1,MIN,VGK,1,2,3,0,2024030175
2025-04-29,2024-25,1,EDM,LAK,0,0,0,1,2024030185
2025-04-30,2024-25,1,FLA,TBL,2,2,4,0,2024030125
2025-04-30,2024-25,1,MTL,WSH,0,2,2,1,2024030135
2025-04-30,2024-25,1,STL,WPG,1,2,3,0,2024030155
2025-05-01,2024-25,1,TOR,OTT,1,0,1,1,2024030116
2025-05-01,2024-25,1,DAL,COL,0,2,2,1,2024030166
2025-05-01,2024-25,1,VGK,MIN,1,1,2,1,2024030176
2025-05-01,2024-25,1,LAK,EDM,2,3,5,0,2024030186
2025-05-02,2024-25,1,WPG,STL,0,1,1,1,2024030156
2025-05-03,2024-25,1,COL,DAL,0,0,0,1,2024030167
2025-05-04,2024-25,1,STL,WPG,2,0,2,1,2024030157
2025-05-05,2024-25,2,FLA,TOR,1,3,4,0,2024030211
2025-05-06,2024-25,2,CAR,WSH,0,0,0,1,2024030221
2025-05-06,2024-25,2,EDM,VGK,1,2,3,0,2024030241
2025-05-07,2024-25,2,FLA,TOR,1,1,2,1,2024030212
2025-05-07,2024-25,2,DAL,WPG,0,0,0,1,2024030231
2025-05-08,2024-25,2,CAR,WSH,0,0,0,1,2024030222
2025-05-08,2024-25,2,EDM,VGK,0,1,1,1,2024030242
2025-05-09,2024-25,2,TOR,FLA,2,1,3,0,2024030213
2025-05-09,2024-25,2,DAL,WPG,0,2,2,1,2024030232
2025-05-10,2024-25,2,WSH,CAR,0,0,0,1,2024030223
2025-05-10,2024-25,2,VGK,EDM,2,2,4,0,2024030243
2025-05-11,2024-25,2,TOR,FLA,0,1,1,1,2024030214
2025-05-11,2024-25,2,WPG,DAL,1,2,3,0,2024030233
2025-05-12,2024-25,2,WSH,CAR,0,1,1,1,2024030224
2025-05-12,2024-25,2,VGK,EDM,0,2,2,1,2024030244
2025-05-13,2024-25,2,WPG,DAL,0,1,1,1,2024030234
2025-05-14,2024-25,2,FLA,TOR,1,0,1,1,2024030215
2025-05-14,2024-25,2,EDM,VGK,0,0,0,1,2024030245
2025-05-15,2024-25,2,CAR,WSH,1,1,2,1,2024030225
2025-05-15,2024-25,2,DAL,WPG,0,0,0,1,2024030235
2025-05-16,2024-25,2,TOR,FLA,0,0,0,1,2024030216
2025-05-17,2024-25,2,WPG,DAL,0,0,0,1,2024030236
2025-05-18,2024-25,2,FLA,TOR,0,0,0,1,2024030217
2025-05-20,2024-25,3,FLA,CAR,2,1,3,0,2024030311
2025-05-21,2024-25,3,EDM,DAL,1,1,2,1,2024030321
2025-05-22,2024-25,3,FLA,CAR,3,0,3,0,2024030312
2025-05-23,2024-25,3,EDM,DAL,1,0,1,1,2024030322
2025-05-24,2024-25,3,CAR,FLA,0,1,1,1,2024030313
2025-05-25,2024-25,3,DAL,EDM,0,2,2,1,2024030323
2025-05-26,2024-25,3,CAR,FLA,0,0,0,1,2024030314
2025-05-27,2024-25,3,DAL,EDM,0,1,1,1,2024030324
2025-05-28,2024-25,3,FLA,CAR,0,2,2,1,2024030315
2025-05-29,2024-25,3,EDM,DAL,3,1,4,0,2024030325
2025-06-04,2024-25,4,FLA,EDM,2,1,3,0,2024030411
2025-06-06,2024-25,4,FLA,EDM,2,3,5,0,2024030412
2025-06-09,2024-25,4,EDM,FLA,0,2,2,1,2024030413
2025-06-12,2024-25,4,EDM,FLA,0,3,3,0,2024030414
2025-06-14,2024-25,4,FLA,EDM,2,0,2,1,2024030415
2025-06-17,2024-25,4,EDM,FLA,0,2,2,1,2024030416
